[
  {
    "_id": "686be57051dc8dd887718f65",
    "token": "eyJhbGciOiJIUzI1NiIsInR5cCI6IkpXVCJ9.eyJpZCI6IjY4NWIxNTEzYTI1OWI4ODQ3NDljNzczZCIsImlhdCI6MTc1MTkwMTU1MiwiZXhwIjoxNzUyNTA2MzUyfQ.3oUUDxLNGRVDGrSaySEjduTGBb4dh-BHjoaVt_xObPU",
    "userId": "685b1513a259b884749c773d",
    "family": "a231a425047f30d669c5c59932b92ca1",
    "isUsed": false,
    "isRevoked": true,
    "expiresAt": "2025-07-14T15:19:12.163Z",
    "lastUsedAt": null,
    "deviceInfo": {
      "userAgent": "Mozilla/5.0 (Windows NT 10.0; Win64; x64) AppleWebKit/537.36 (KHTML, like Gecko) Chrome/138.0.0.0 Safari/537.36",
      "ipAddress": "192.168.1.10",
      "deviceFingerprint": "45bfe300eac2eb8539c7aa7ae3f6d06433bb4252ed640d9c463c202bbd713a03"
    },
    "revokedBy": "user",
    "revokedAt": "2025-07-07T15:25:07.466Z",
    "successorToken": null,
    "createdAt": "2025-07-07T15:19:12.167Z",
    "__v": 0
  },
  {
    "_id": "686be6d851dc8dd887718f90",
    "token": "eyJhbGciOiJIUzI1NiIsInR5cCI6IkpXVCJ9.eyJpZCI6IjY4NWIxNTEzYTI1OWI4ODQ3NDljNzczZCIsImlhdCI6MTc1MTkwMTkxMiwiZXhwIjoxNzUyNTA2NzEyfQ.OH15tx7BWPoUa7h_Jr256Lc3ePWq80QL_YzkMdHN01Y",
    "userId": "685b1513a259b884749c773d",
    "family": "10d342a53bfdaae3a52741b49b3a258c",
    "isUsed": true,
    "isRevoked": true,
    "expiresAt": "2025-07-14T15:25:12.206Z",
    "lastUsedAt": "2025-07-07T15:40:20.110Z",
    "deviceInfo": {
      "userAgent": "Mozilla/5.0 (Windows NT 10.0; Win64; x64) AppleWebKit/537.36 (KHTML, like Gecko) Chrome/138.0.0.0 Safari/537.36",
      "ipAddress": "192.168.1.10",
      "deviceFingerprint": "45bfe300eac2eb8539c7aa7ae3f6d06433bb4252ed640d9c463c202bbd713a03"
    },
    "revokedBy": "logout_all_devices",
    "revokedAt": "2025-07-07T20:54:45.608Z",
    "successorToken": "eyJhbGciOiJIUzI1NiIsInR5cCI6IkpXVCJ9.eyJpZCI6IjY4NWIxNTEzYTI1OWI4ODQ3NDljNzczZCIsImlhdCI6MTc1MTkwMjgyMCwiZXhwIjoxNzUyNTA3NjIwfQ.hfKj4MmOEWczv1DCSMHhZeIAOOUlhhzzhAWOs9mMiM8",
    "createdAt": "2025-07-07T15:25:12.207Z",
    "__v": 0
  },
  {
    "_id": "686bea644bc5d76764bfa0ca",
    "token": "eyJhbGciOiJIUzI1NiIsInR5cCI6IkpXVCJ9.eyJpZCI6IjY4NWIxNTEzYTI1OWI4ODQ3NDljNzczZCIsImlhdCI6MTc1MTkwMjgyMCwiZXhwIjoxNzUyNTA3NjIwfQ.hfKj4MmOEWczv1DCSMHhZeIAOOUlhhzzhAWOs9mMiM8",
    "userId": "685b1513a259b884749c773d",
    "family": "10d342a53bfdaae3a52741b49b3a258c",
    "isUsed": true,
    "isRevoked": true,
    "expiresAt": "2025-07-14T15:40:20.161Z",
    "lastUsedAt": "2025-07-07T20:53:23.349Z",
    "deviceInfo": {
      "userAgent": "Mozilla/5.0 (Windows NT 10.0; Win64; x64) AppleWebKit/537.36 (KHTML, like Gecko) Chrome/138.0.0.0 Safari/537.36",
      "ipAddress": "192.168.1.10",
      "deviceFingerprint": "45bfe300eac2eb8539c7aa7ae3f6d06433bb4252ed640d9c463c202bbd713a03"
    },
    "revokedBy": "logout_all_devices",
    "revokedAt": "2025-07-07T20:54:45.608Z",
    "successorToken": "eyJhbGciOiJIUzI1NiIsInR5cCI6IkpXVCJ9.eyJpZCI6IjY4NWIxNTEzYTI1OWI4ODQ3NDljNzczZCIsImlhdCI6MTc1MTkyMTYwMywiZXhwIjoxNzUyNTI2NDAzfQ.I0PChkKORBXBz-04f1MlR7om7lvUVt0ptPx-5QWM0n0",
    "createdAt": "2025-07-07T15:40:20.163Z",
    "__v": 0
  },
  {
    "_id": "686c33c37fedddb2c5d50fe2",
    "token": "eyJhbGciOiJIUzI1NiIsInR5cCI6IkpXVCJ9.eyJpZCI6IjY4NWIxNTEzYTI1OWI4ODQ3NDljNzczZCIsImlhdCI6MTc1MTkyMTYwMywiZXhwIjoxNzUyNTI2NDAzfQ.I0PChkKORBXBz-04f1MlR7om7lvUVt0ptPx-5QWM0n0",
    "userId": "685b1513a259b884749c773d",
    "family": "10d342a53bfdaae3a52741b49b3a258c",
    "isUsed": false,
    "isRevoked": true,
    "expiresAt": "2025-07-14T20:53:23.394Z",
    "lastUsedAt": "2025-07-07T20:54:45.607Z",
    "deviceInfo": {
      "userAgent": "Mozilla/5.0 (Windows NT 10.0; Win64; x64) AppleWebKit/537.36 (KHTML, like Gecko) Chrome/138.0.0.0 Safari/537.36",
      "ipAddress": "192.168.1.10",
      "deviceFingerprint": "45bfe300eac2eb8539c7aa7ae3f6d06433bb4252ed640d9c463c202bbd713a03"
    },
    "revokedBy": "logout_all_devices",
    "revokedAt": "2025-07-07T20:54:45.608Z",
    "successorToken": null,
    "createdAt": "2025-07-07T20:53:23.396Z",
    "__v": 0
  },
  {
    "_id": "686c37fe7fedddb2c5d5113f",
    "token": "eyJhbGciOiJIUzI1NiIsInR5cCI6IkpXVCJ9.eyJpZCI6IjY4NWIxNTEzYTI1OWI4ODQ3NDljNzczZCIsImlhdCI6MTc1MTkyMjY4NiwiZXhwIjoxNzUyNTI3NDg2fQ.9gzf76zljFeDpCAkMUEHzofSvinf_syysxZ6nlDcXBA",
    "userId": "685b1513a259b884749c773d",
    "family": "a4f56f2262789787eafb45b84a1fffc4",
    "isUsed": true,
    "isRevoked": true,
    "expiresAt": "2025-07-14T21:11:26.048Z",
    "lastUsedAt": "2025-07-07T22:02:40.135Z",
    "deviceInfo": {
      "userAgent": "Mozilla/5.0 (Windows NT 10.0; Win64; x64) AppleWebKit/537.36 (KHTML, like Gecko) Chrome/138.0.0.0 Safari/537.36",
      "ipAddress": "192.168.1.10",
      "deviceFingerprint": "45bfe300eac2eb8539c7aa7ae3f6d06433bb4252ed640d9c463c202bbd713a03"
    },
    "revokedBy": "logout_all_devices",
    "revokedAt": "2025-07-07T22:23:59.005Z",
    "successorToken": "eyJhbGciOiJIUzI1NiIsInR5cCI6IkpXVCJ9.eyJpZCI6IjY4NWIxNTEzYTI1OWI4ODQ3NDljNzczZCIsImlhdCI6MTc1MTkyNTc2MCwiZXhwIjoxNzUyNTMwNTYwfQ.k661zu8s9zGZXxZQkFqan6KUqPH4O7tB_ByadAv46cY",
    "createdAt": "2025-07-07T21:11:26.049Z",
    "__v": 0
  },
  {
    "_id": "686c44007fedddb2c5d5135f",
    "token": "eyJhbGciOiJIUzI1NiIsInR5cCI6IkpXVCJ9.eyJpZCI6IjY4NWIxNTEzYTI1OWI4ODQ3NDljNzczZCIsImlhdCI6MTc1MTkyNTc2MCwiZXhwIjoxNzUyNTMwNTYwfQ.k661zu8s9zGZXxZQkFqan6KUqPH4O7tB_ByadAv46cY",
    "userId": "685b1513a259b884749c773d",
    "family": "a4f56f2262789787eafb45b84a1fffc4",
    "isUsed": false,
    "isRevoked": true,
    "expiresAt": "2025-07-14T22:02:40.185Z",
    "lastUsedAt": "2025-07-07T22:13:15.363Z",
    "deviceInfo": {
      "userAgent": "Mozilla/5.0 (Windows NT 10.0; Win64; x64) AppleWebKit/537.36 (KHTML, like Gecko) Chrome/138.0.0.0 Safari/537.36",
      "ipAddress": "192.168.1.10",
      "deviceFingerprint": "45bfe300eac2eb8539c7aa7ae3f6d06433bb4252ed640d9c463c202bbd713a03"
    },
    "revokedBy": "user_revocation",
    "revokedAt": "2025-07-07T22:12:45.806Z",
    "successorToken": null,
    "createdAt": "2025-07-07T22:02:40.185Z",
    "__v": 0
  },
  {
    "_id": "686c46517fedddb2c5d5179b",
    "token": "eyJhbGciOiJIUzI1NiIsInR5cCI6IkpXVCJ9.eyJpZCI6IjY4NWIxNTEzYTI1OWI4ODQ3NDljNzczZCIsImlhdCI6MTc1MTkyNjM1MywiZXhwIjoxNzUyNTMxMTUzfQ.G8jXMclDuTCAShJGZGJgi1DQLjtJqAtaVxNp6xleKeg",
    "userId": "685b1513a259b884749c773d",
    "family": "5dd057f8e7dbc3689c0a1826fb1304bc",
    "isUsed": false,
    "isRevoked": true,
    "expiresAt": "2025-07-14T22:12:33.000Z",
    "lastUsedAt": "2025-07-07T22:23:59.008Z",
    "deviceInfo": {
      "userAgent": "Mozilla/5.0 (Windows NT 10.0; Win64; x64) AppleWebKit/537.36 (KHTML, like Gecko) Chrome/138.0.0.0 Safari/537.36",
      "ipAddress": "192.168.1.10",
      "deviceFingerprint": "45bfe300eac2eb8539c7aa7ae3f6d06433bb4252ed640d9c463c202bbd713a03"
    },
    "revokedBy": "user_revocation",
    "revokedAt": "2025-07-07T22:18:07.754Z",
    "successorToken": null,
    "createdAt": "2025-07-07T22:12:33.001Z",
    "__v": 0
  },
  {
    "_id": "686c478c7fedddb2c5d51959",
    "token": "eyJhbGciOiJIUzI1NiIsInR5cCI6IkpXVCJ9.eyJpZCI6IjY4NWIxNTEzYTI1OWI4ODQ3NDljNzczZCIsImlhdCI6MTc1MTkyNjY2OCwiZXhwIjoxNzUyNTMxNDY4fQ.354GczA6uSrWmS80ds-RrVQnyMomt1fT7XjsLmWG2Zk",
    "userId": "685b1513a259b884749c773d",
    "family": "3cecccac72137919e2c339adb5b5ace6",
    "isUsed": false,
    "isRevoked": true,
    "expiresAt": "2025-07-14T22:17:48.524Z",
    "lastUsedAt": "2025-07-07T22:24:05.396Z",
    "deviceInfo": {
      "userAgent": "Mozilla/5.0 (Windows NT 10.0; Win64; x64) AppleWebKit/537.36 (KHTML, like Gecko) Chrome/138.0.0.0 Safari/537.36",
      "ipAddress": "192.168.1.10",
      "deviceFingerprint": "45bfe300eac2eb8539c7aa7ae3f6d06433bb4252ed640d9c463c202bbd713a03"
    },
    "revokedBy": "logout",
    "revokedAt": "2025-07-07T22:24:08.300Z",
    "successorToken": null,
    "createdAt": "2025-07-07T22:17:48.525Z",
    "__v": 0
  },
  {
    "_id": "686c490a7fedddb2c5d51b9d",
    "token": "eyJhbGciOiJIUzI1NiIsInR5cCI6IkpXVCJ9.eyJpZCI6IjY4NWIxNTEzYTI1OWI4ODQ3NDljNzczZCIsImlhdCI6MTc1MTkyNzA1MCwiZXhwIjoxNzUyNTMxODUwfQ.BHb1EJkTP1WBwjwWUX6fg1RdRR1c4aFrXYhjQNyqBS0",
    "userId": "685b1513a259b884749c773d",
    "family": "da664a6dd678e1bfda39bf8c1788c029",
    "isUsed": false,
    "isRevoked": true,
    "expiresAt": "2025-07-14T22:24:10.872Z",
    "lastUsedAt": "2025-07-07T22:24:11.992Z",
    "deviceInfo": {
      "userAgent": "Mozilla/5.0 (Windows NT 10.0; Win64; x64) AppleWebKit/537.36 (KHTML, like Gecko) Chrome/138.0.0.0 Safari/537.36",
      "ipAddress": "192.168.1.10",
      "deviceFingerprint": "45bfe300eac2eb8539c7aa7ae3f6d06433bb4252ed640d9c463c202bbd713a03"
    },
    "revokedBy": "logout",
    "revokedAt": "2025-07-07T22:24:13.654Z",
    "successorToken": null,
    "createdAt": "2025-07-07T22:24:10.873Z",
    "__v": 0
  },
  {
    "_id": "686c49c1ba08343eaacc5ba8",
    "token": "eyJhbGciOiJIUzI1NiIsInR5cCI6IkpXVCJ9.eyJpZCI6IjY4NWJkNDgwNzJlZjI0ZjBkMmIwODdiYSIsImlhdCI6MTc1MTkyNzIzMywiZXhwIjoxNzUyNTMyMDMzfQ.yuBOfWsx8VJgQaCalCMHu0gGWL3WQ2j_xiVv_BMjWHY",
    "userId": "685bd48072ef24f0d2b087ba",
    "family": "47063f7c54db28dc1942bd9488499b31",
    "isUsed": false,
    "isRevoked": true,
    "expiresAt": "2025-07-14T22:27:13.026Z",
    "lastUsedAt": null,
    "deviceInfo": {
      "userAgent": "Mozilla/5.0 (Windows NT 10.0; Win64; x64) AppleWebKit/537.36 (KHTML, like Gecko) Chrome/138.0.0.0 Safari/537.36",
      "ipAddress": "192.168.1.10",
      "deviceFingerprint": "45bfe300eac2eb8539c7aa7ae3f6d06433bb4252ed640d9c463c202bbd713a03"
    },
    "revokedBy": "user_revocation",
    "revokedAt": "2025-07-07T22:31:59.815Z",
    "successorToken": null,
    "createdAt": "2025-07-07T22:27:13.028Z",
    "__v": 0
  },
  {
    "_id": "686c4ad1fd2a60eb5499a0c0",
    "token": "eyJhbGciOiJIUzI1NiIsInR5cCI6IkpXVCJ9.eyJpZCI6IjY4NWJkNDgwNzJlZjI0ZjBkMmIwODdiYSIsImlhdCI6MTc1MTkyNzUwNSwiZXhwIjoxNzUyNTMyMzA1fQ.Q2dGDUWKxWnQwF0aJBIP7iAmOd5NGBOP6_lbW_m-Z6I",
    "userId": "685bd48072ef24f0d2b087ba",
    "family": "cfe19ec516ac2bfdff48a18fb4dddd72",
    "isUsed": false,
    "isRevoked": true,
    "expiresAt": "2025-07-14T22:31:45.617Z",
    "lastUsedAt": "2025-07-07T22:32:16.510Z",
    "deviceInfo": {
      "userAgent": "Mozilla/5.0 (Windows NT 10.0; Win64; x64) AppleWebKit/537.36 (KHTML, like Gecko) Chrome/138.0.0.0 Safari/537.36",
      "ipAddress": "192.168.1.10",
      "deviceFingerprint": "45bfe300eac2eb8539c7aa7ae3f6d06433bb4252ed640d9c463c202bbd713a03"
    },
    "revokedBy": "logout_all_devices",
    "revokedAt": "2025-07-07T22:32:16.507Z",
    "successorToken": null,
    "createdAt": "2025-07-07T22:31:45.621Z",
    "__v": 0
  },
  {
    "_id": "686c4b1cfd2a60eb5499a108",
    "token": "eyJhbGciOiJIUzI1NiIsInR5cCI6IkpXVCJ9.eyJpZCI6IjY4NWJkNDgwNzJlZjI0ZjBkMmIwODdiYSIsImlhdCI6MTc1MTkyNzU4MCwiZXhwIjoxNzUyNTMyMzgwfQ.2ZOmzhIPfe8FOOHZhGXaAmILIa8qf63gKawgDmdIxjQ",
    "userId": "685bd48072ef24f0d2b087ba",
    "family": "9eb36d43b59d1bbf79adfae3f9184e79",
    "isUsed": false,
    "isRevoked": true,
    "expiresAt": "2025-07-14T22:33:00.417Z",
    "lastUsedAt": "2025-07-07T22:35:02.550Z",
    "deviceInfo": {
      "userAgent": "Mozilla/5.0 (Windows NT 10.0; Win64; x64) AppleWebKit/537.36 (KHTML, like Gecko) Chrome/138.0.0.0 Safari/537.36",
      "ipAddress": "192.168.1.10",
      "deviceFingerprint": "45bfe300eac2eb8539c7aa7ae3f6d06433bb4252ed640d9c463c202bbd713a03"
    },
    "revokedBy": "logout_all_devices",
    "revokedAt": "2025-07-07T22:35:02.551Z",
    "successorToken": null,
    "createdAt": "2025-07-07T22:33:00.417Z",
    "__v": 0
  },
  {
    "_id": "686c4b9ffd2a60eb5499a142",
    "token": "eyJhbGciOiJIUzI1NiIsInR5cCI6IkpXVCJ9.eyJpZCI6IjY4NjZmMTk0OTMzZDg2YmZiZmZlYTRhMCIsImlhdCI6MTc1MTkyNzcxMSwiZXhwIjoxNzUyNTMyNTExfQ.8U6L-tCBZDnEkQmpgPZFs00Jyk3yOxmE9PcONjQ7Xcg",
    "userId": "6866f194933d86bfbffea4a0",
    "family": "a95a9e3eb289a518baa0c4c7d06c161c",
    "isUsed": true,
    "isRevoked": false,
    "expiresAt": "2025-07-14T22:35:11.213Z",
    "lastUsedAt": "2025-07-07T23:05:46.543Z",
    "deviceInfo": {
      "userAgent": "Mozilla/5.0 (Windows NT 10.0; Win64; x64) AppleWebKit/537.36 (KHTML, like Gecko) Chrome/138.0.0.0 Safari/537.36",
      "ipAddress": "192.168.1.10",
      "deviceFingerprint": "45bfe300eac2eb8539c7aa7ae3f6d06433bb4252ed640d9c463c202bbd713a03"
    },
    "revokedBy": null,
    "revokedAt": null,
    "successorToken": "eyJhbGciOiJIUzI1NiIsInR5cCI6IkpXVCJ9.eyJpZCI6IjY4NjZmMTk0OTMzZDg2YmZiZmZlYTRhMCIsImlhdCI6MTc1MTkyOTU0NiwiZXhwIjoxNzUyNTM0MzQ2fQ.XB2aem6qCjg2igZIj_U6e0XpnxtDoOm-BvIkEYDh5OQ",
    "createdAt": "2025-07-07T22:35:11.214Z",
    "__v": 0
  },
  {
    "_id": "686c52cafd2a60eb5499a176",
    "token": "eyJhbGciOiJIUzI1NiIsInR5cCI6IkpXVCJ9.eyJpZCI6IjY4NjZmMTk0OTMzZDg2YmZiZmZlYTRhMCIsImlhdCI6MTc1MTkyOTU0NiwiZXhwIjoxNzUyNTM0MzQ2fQ.XB2aem6qCjg2igZIj_U6e0XpnxtDoOm-BvIkEYDh5OQ",
    "userId": "6866f194933d86bfbffea4a0",
    "family": "a95a9e3eb289a518baa0c4c7d06c161c",
    "isUsed": false,
    "isRevoked": true,
    "expiresAt": "2025-07-14T23:05:46.586Z",
    "lastUsedAt": "2025-07-07T23:06:04.823Z",
    "deviceInfo": {
      "userAgent": "Mozilla/5.0 (Windows NT 10.0; Win64; x64) AppleWebKit/537.36 (KHTML, like Gecko) Chrome/138.0.0.0 Safari/537.36",
      "ipAddress": "192.168.1.10",
      "deviceFingerprint": "45bfe300eac2eb8539c7aa7ae3f6d06433bb4252ed640d9c463c202bbd713a03"
    },
    "revokedBy": "logout",
    "revokedAt": "2025-07-07T23:06:07.492Z",
    "successorToken": null,
    "createdAt": "2025-07-07T23:05:46.586Z",
    "__v": 0
  },
  {
    "_id": "686e63af9cda2d5a1d380afa",
    "token": "eyJhbGciOiJIUzI1NiIsInR5cCI6IkpXVCJ9.eyJpZCI6IjY4NWIxNTEzYTI1OWI4ODQ3NDljNzczZCIsImlhdCI6MTc1MjA2NDk0MywiZXhwIjoxNzUyNjY5NzQzfQ.ibiAvyyVjrPK_CrhRWilUuQKihoGn3YmU4NEXLhkoSk",
    "userId": "685b1513a259b884749c773d",
    "family": "9a4987ab4b14f7c145048589db85d608",
    "isUsed": true,
    "isRevoked": false,
    "expiresAt": "2025-07-16T12:42:23.914Z",
    "lastUsedAt": "2025-07-09T12:57:37.207Z",
    "deviceInfo": {
      "userAgent": "Mozilla/5.0 (Windows NT 10.0; Win64; x64) AppleWebKit/537.36 (KHTML, like Gecko) Chrome/138.0.0.0 Safari/537.36",
      "ipAddress": "192.168.1.14",
      "deviceFingerprint": "ccd1785ad62465a5218593de161f2612e884c2d63f6eb29b0155aab9f41ee416"
    },
    "revokedBy": null,
    "revokedAt": null,
    "successorToken": "eyJhbGciOiJIUzI1NiIsInR5cCI6IkpXVCJ9.eyJpZCI6IjY4NWIxNTEzYTI1OWI4ODQ3NDljNzczZCIsImlhdCI6MTc1MjA2NTg1NywiZXhwIjoxNzUyNjcwNjU3fQ.RV0hQYlZTRQ-t4KDC8qxkRo18IKZJh0sgJMhj0qc9XU",
    "createdAt": "2025-07-09T12:42:23.918Z",
    "__v": 0
  },
  {
    "_id": "686e6741c03bdb3909608511",
    "token": "eyJhbGciOiJIUzI1NiIsInR5cCI6IkpXVCJ9.eyJpZCI6IjY4NWIxNTEzYTI1OWI4ODQ3NDljNzczZCIsImlhdCI6MTc1MjA2NTg1NywiZXhwIjoxNzUyNjcwNjU3fQ.RV0hQYlZTRQ-t4KDC8qxkRo18IKZJh0sgJMhj0qc9XU",
    "userId": "685b1513a259b884749c773d",
    "family": "9a4987ab4b14f7c145048589db85d608",
    "isUsed": true,
    "isRevoked": false,
    "expiresAt": "2025-07-16T12:57:37.252Z",
    "lastUsedAt": "2025-07-09T13:13:59.190Z",
    "deviceInfo": {
      "userAgent": "Mozilla/5.0 (Windows NT 10.0; Win64; x64) AppleWebKit/537.36 (KHTML, like Gecko) Chrome/138.0.0.0 Safari/537.36",
      "ipAddress": "192.168.1.14",
      "deviceFingerprint": "ccd1785ad62465a5218593de161f2612e884c2d63f6eb29b0155aab9f41ee416"
    },
    "revokedBy": null,
    "revokedAt": null,
    "successorToken": "eyJhbGciOiJIUzI1NiIsInR5cCI6IkpXVCJ9.eyJpZCI6IjY4NWIxNTEzYTI1OWI4ODQ3NDljNzczZCIsImlhdCI6MTc1MjA2NjgzOSwiZXhwIjoxNzUyNjcxNjM5fQ.Gj91ULNVC0h5XbPW8W0WHnasG5rpon3StP9wTUeA_v4",
    "createdAt": "2025-07-09T12:57:37.255Z",
    "__v": 0
  },
  {
    "_id": "686e6b17701b1f787528a267",
    "token": "eyJhbGciOiJIUzI1NiIsInR5cCI6IkpXVCJ9.eyJpZCI6IjY4NWIxNTEzYTI1OWI4ODQ3NDljNzczZCIsImlhdCI6MTc1MjA2NjgzOSwiZXhwIjoxNzUyNjcxNjM5fQ.Gj91ULNVC0h5XbPW8W0WHnasG5rpon3StP9wTUeA_v4",
    "userId": "685b1513a259b884749c773d",
    "family": "9a4987ab4b14f7c145048589db85d608",
    "isUsed": true,
    "isRevoked": false,
    "expiresAt": "2025-07-16T13:13:59.234Z",
    "lastUsedAt": "2025-07-09T13:43:45.324Z",
    "deviceInfo": {
      "userAgent": "Mozilla/5.0 (Windows NT 10.0; Win64; x64) AppleWebKit/537.36 (KHTML, like Gecko) Chrome/138.0.0.0 Safari/537.36",
      "ipAddress": "192.168.1.14",
      "deviceFingerprint": "ccd1785ad62465a5218593de161f2612e884c2d63f6eb29b0155aab9f41ee416"
    },
    "revokedBy": null,
    "revokedAt": null,
    "successorToken": "eyJhbGciOiJIUzI1NiIsInR5cCI6IkpXVCJ9.eyJpZCI6IjY4NWIxNTEzYTI1OWI4ODQ3NDljNzczZCIsImlhdCI6MTc1MjA2ODYyNSwiZXhwIjoxNzUyNjczNDI1fQ.j7E6HPq5yB8gtiRRs9em9nh3JFYUSBfNA5RwhEeZqak",
    "createdAt": "2025-07-09T13:13:59.235Z",
    "__v": 0
  },
  {
    "_id": "686e72111b12e96c01fa5dc8",
    "token": "eyJhbGciOiJIUzI1NiIsInR5cCI6IkpXVCJ9.eyJpZCI6IjY4NWIxNTEzYTI1OWI4ODQ3NDljNzczZCIsImlhdCI6MTc1MjA2ODYyNSwiZXhwIjoxNzUyNjczNDI1fQ.j7E6HPq5yB8gtiRRs9em9nh3JFYUSBfNA5RwhEeZqak",
    "userId": "685b1513a259b884749c773d",
    "family": "9a4987ab4b14f7c145048589db85d608",
    "isUsed": true,
    "isRevoked": false,
    "expiresAt": "2025-07-16T13:43:45.366Z",
    "lastUsedAt": "2025-07-09T13:58:56.749Z",
    "deviceInfo": {
      "userAgent": "Mozilla/5.0 (Windows NT 10.0; Win64; x64) AppleWebKit/537.36 (KHTML, like Gecko) Chrome/138.0.0.0 Safari/537.36",
      "ipAddress": "192.168.1.14",
      "deviceFingerprint": "ccd1785ad62465a5218593de161f2612e884c2d63f6eb29b0155aab9f41ee416"
    },
    "revokedBy": null,
    "revokedAt": null,
    "successorToken": "eyJhbGciOiJIUzI1NiIsInR5cCI6IkpXVCJ9.eyJpZCI6IjY4NWIxNTEzYTI1OWI4ODQ3NDljNzczZCIsImlhdCI6MTc1MjA2OTUzNiwiZXhwIjoxNzUyNjc0MzM2fQ.gb8rop21bZFtG07QzHa6drUyw0-9bBDbyi7_jj415qw",
    "createdAt": "2025-07-09T13:43:45.368Z",
    "__v": 0
  },
  {
    "_id": "686e75a0f4ee48774b127cb5",
    "token": "eyJhbGciOiJIUzI1NiIsInR5cCI6IkpXVCJ9.eyJpZCI6IjY4NWIxNTEzYTI1OWI4ODQ3NDljNzczZCIsImlhdCI6MTc1MjA2OTUzNiwiZXhwIjoxNzUyNjc0MzM2fQ.gb8rop21bZFtG07QzHa6drUyw0-9bBDbyi7_jj415qw",
    "userId": "685b1513a259b884749c773d",
    "family": "9a4987ab4b14f7c145048589db85d608",
    "isUsed": true,
    "isRevoked": false,
    "expiresAt": "2025-07-16T13:58:56.785Z",
    "lastUsedAt": "2025-07-09T14:13:57.192Z",
    "deviceInfo": {
      "userAgent": "Mozilla/5.0 (Windows NT 10.0; Win64; x64) AppleWebKit/537.36 (KHTML, like Gecko) Chrome/138.0.0.0 Safari/537.36",
      "ipAddress": "192.168.1.14",
      "deviceFingerprint": "ccd1785ad62465a5218593de161f2612e884c2d63f6eb29b0155aab9f41ee416"
    },
    "revokedBy": null,
    "revokedAt": null,
    "successorToken": "eyJhbGciOiJIUzI1NiIsInR5cCI6IkpXVCJ9.eyJpZCI6IjY4NWIxNTEzYTI1OWI4ODQ3NDljNzczZCIsImlhdCI6MTc1MjA3MDQzNywiZXhwIjoxNzUyNjc1MjM3fQ.neZ2j7QjoN5R3er6_nrx5NR6DVPEqajFjtiG2uewmjE",
    "createdAt": "2025-07-09T13:58:56.786Z",
    "__v": 0
  },
  {
    "_id": "686e7925f4ee48774b127d47",
    "token": "eyJhbGciOiJIUzI1NiIsInR5cCI6IkpXVCJ9.eyJpZCI6IjY4NWIxNTEzYTI1OWI4ODQ3NDljNzczZCIsImlhdCI6MTc1MjA3MDQzNywiZXhwIjoxNzUyNjc1MjM3fQ.neZ2j7QjoN5R3er6_nrx5NR6DVPEqajFjtiG2uewmjE",
    "userId": "685b1513a259b884749c773d",
    "family": "9a4987ab4b14f7c145048589db85d608",
    "isUsed": true,
    "isRevoked": false,
    "expiresAt": "2025-07-16T14:13:57.235Z",
    "lastUsedAt": "2025-07-09T14:40:50.910Z",
    "deviceInfo": {
      "userAgent": "Mozilla/5.0 (Windows NT 10.0; Win64; x64) AppleWebKit/537.36 (KHTML, like Gecko) Chrome/138.0.0.0 Safari/537.36",
      "ipAddress": "192.168.1.14",
      "deviceFingerprint": "ccd1785ad62465a5218593de161f2612e884c2d63f6eb29b0155aab9f41ee416"
    },
    "revokedBy": null,
    "revokedAt": null,
    "successorToken": "eyJhbGciOiJIUzI1NiIsInR5cCI6IkpXVCJ9.eyJpZCI6IjY4NWIxNTEzYTI1OWI4ODQ3NDljNzczZCIsImlhdCI6MTc1MjA3MjA1MCwiZXhwIjoxNzUyNjc2ODUwfQ.MJ-lTXivhclxllImlM8A_I9Tft-SbBKyDLcTEy3kHrU",
    "createdAt": "2025-07-09T14:13:57.235Z",
    "__v": 0
  },
  {
    "_id": "686e7f72f4ee48774b127d9d",
    "token": "eyJhbGciOiJIUzI1NiIsInR5cCI6IkpXVCJ9.eyJpZCI6IjY4NWIxNTEzYTI1OWI4ODQ3NDljNzczZCIsImlhdCI6MTc1MjA3MjA1MCwiZXhwIjoxNzUyNjc2ODUwfQ.MJ-lTXivhclxllImlM8A_I9Tft-SbBKyDLcTEy3kHrU",
    "userId": "685b1513a259b884749c773d",
    "family": "9a4987ab4b14f7c145048589db85d608",
    "isUsed": true,
    "isRevoked": false,
    "expiresAt": "2025-07-16T14:40:50.956Z",
    "lastUsedAt": "2025-07-09T14:56:15.194Z",
    "deviceInfo": {
      "userAgent": "Mozilla/5.0 (Windows NT 10.0; Win64; x64) AppleWebKit/537.36 (KHTML, like Gecko) Chrome/138.0.0.0 Safari/537.36",
      "ipAddress": "192.168.1.14",
      "deviceFingerprint": "ccd1785ad62465a5218593de161f2612e884c2d63f6eb29b0155aab9f41ee416"
    },
    "revokedBy": null,
    "revokedAt": null,
    "successorToken": "eyJhbGciOiJIUzI1NiIsInR5cCI6IkpXVCJ9.eyJpZCI6IjY4NWIxNTEzYTI1OWI4ODQ3NDljNzczZCIsImlhdCI6MTc1MjA3Mjk3NSwiZXhwIjoxNzUyNjc3Nzc1fQ.lJbyosQGZgd6ybzK8RPsJGzIhH5BD_x2Rja7cL063Wc",
    "createdAt": "2025-07-09T14:40:50.956Z",
    "__v": 0
  },
  {
    "_id": "686e830f69e1d19b59cee244",
    "token": "eyJhbGciOiJIUzI1NiIsInR5cCI6IkpXVCJ9.eyJpZCI6IjY4NWIxNTEzYTI1OWI4ODQ3NDljNzczZCIsImlhdCI6MTc1MjA3Mjk3NSwiZXhwIjoxNzUyNjc3Nzc1fQ.lJbyosQGZgd6ybzK8RPsJGzIhH5BD_x2Rja7cL063Wc",
    "userId": "685b1513a259b884749c773d",
    "family": "9a4987ab4b14f7c145048589db85d608",
    "isUsed": true,
    "isRevoked": false,
    "expiresAt": "2025-07-16T14:56:15.236Z",
    "lastUsedAt": "2025-07-09T15:11:59.193Z",
    "deviceInfo": {
      "userAgent": "Mozilla/5.0 (Windows NT 10.0; Win64; x64) AppleWebKit/537.36 (KHTML, like Gecko) Chrome/138.0.0.0 Safari/537.36",
      "ipAddress": "192.168.1.14",
      "deviceFingerprint": "ccd1785ad62465a5218593de161f2612e884c2d63f6eb29b0155aab9f41ee416"
    },
    "revokedBy": null,
    "revokedAt": null,
    "successorToken": "eyJhbGciOiJIUzI1NiIsInR5cCI6IkpXVCJ9.eyJpZCI6IjY4NWIxNTEzYTI1OWI4ODQ3NDljNzczZCIsImlhdCI6MTc1MjA3MzkxOSwiZXhwIjoxNzUyNjc4NzE5fQ.gBnf8V5fyE2yXdCXQ8_UWDtkgOSw3Nw_DEoOFTAyOxE",
    "createdAt": "2025-07-09T14:56:15.237Z",
    "__v": 0
  },
  {
    "_id": "686e86bffc35258de8bfcf59",
    "token": "eyJhbGciOiJIUzI1NiIsInR5cCI6IkpXVCJ9.eyJpZCI6IjY4NWIxNTEzYTI1OWI4ODQ3NDljNzczZCIsImlhdCI6MTc1MjA3MzkxOSwiZXhwIjoxNzUyNjc4NzE5fQ.gBnf8V5fyE2yXdCXQ8_UWDtkgOSw3Nw_DEoOFTAyOxE",
    "userId": "685b1513a259b884749c773d",
    "family": "9a4987ab4b14f7c145048589db85d608",
    "isUsed": true,
    "isRevoked": false,
    "expiresAt": "2025-07-16T15:11:59.235Z",
    "lastUsedAt": "2025-07-09T15:26:59.181Z",
    "deviceInfo": {
      "userAgent": "Mozilla/5.0 (Windows NT 10.0; Win64; x64) AppleWebKit/537.36 (KHTML, like Gecko) Chrome/138.0.0.0 Safari/537.36",
      "ipAddress": "192.168.1.14",
      "deviceFingerprint": "ccd1785ad62465a5218593de161f2612e884c2d63f6eb29b0155aab9f41ee416"
    },
    "revokedBy": null,
    "revokedAt": null,
    "successorToken": "eyJhbGciOiJIUzI1NiIsInR5cCI6IkpXVCJ9.eyJpZCI6IjY4NWIxNTEzYTI1OWI4ODQ3NDljNzczZCIsImlhdCI6MTc1MjA3NDgxOSwiZXhwIjoxNzUyNjc5NjE5fQ.xCF2CLKePPLA04swAJc27_vFMz08RZiC5byrQ0QriNw",
    "createdAt": "2025-07-09T15:11:59.237Z",
    "__v": 0
  },
  {
    "_id": "686e8a4394510376abd862c8",
    "token": "eyJhbGciOiJIUzI1NiIsInR5cCI6IkpXVCJ9.eyJpZCI6IjY4NWIxNTEzYTI1OWI4ODQ3NDljNzczZCIsImlhdCI6MTc1MjA3NDgxOSwiZXhwIjoxNzUyNjc5NjE5fQ.xCF2CLKePPLA04swAJc27_vFMz08RZiC5byrQ0QriNw",
    "userId": "685b1513a259b884749c773d",
    "family": "9a4987ab4b14f7c145048589db85d608",
    "isUsed": true,
    "isRevoked": false,
    "expiresAt": "2025-07-16T15:26:59.223Z",
    "lastUsedAt": "2025-07-09T15:41:59.157Z",
    "deviceInfo": {
      "userAgent": "Mozilla/5.0 (Windows NT 10.0; Win64; x64) AppleWebKit/537.36 (KHTML, like Gecko) Chrome/138.0.0.0 Safari/537.36",
      "ipAddress": "192.168.1.14",
      "deviceFingerprint": "ccd1785ad62465a5218593de161f2612e884c2d63f6eb29b0155aab9f41ee416"
    },
    "revokedBy": null,
    "revokedAt": null,
    "successorToken": "eyJhbGciOiJIUzI1NiIsInR5cCI6IkpXVCJ9.eyJpZCI6IjY4NWIxNTEzYTI1OWI4ODQ3NDljNzczZCIsImlhdCI6MTc1MjA3NTcxOSwiZXhwIjoxNzUyNjgwNTE5fQ.dILKwZTUW7ckVYKDIpjXPDyn75OjI51ChHcHin3tzBg",
    "createdAt": "2025-07-09T15:26:59.224Z",
    "__v": 0
  },
  {
    "_id": "686e8dc794510376abd86336",
    "token": "eyJhbGciOiJIUzI1NiIsInR5cCI6IkpXVCJ9.eyJpZCI6IjY4NWIxNTEzYTI1OWI4ODQ3NDljNzczZCIsImlhdCI6MTc1MjA3NTcxOSwiZXhwIjoxNzUyNjgwNTE5fQ.dILKwZTUW7ckVYKDIpjXPDyn75OjI51ChHcHin3tzBg",
    "userId": "685b1513a259b884749c773d",
    "family": "9a4987ab4b14f7c145048589db85d608",
    "isUsed": true,
    "isRevoked": false,
    "expiresAt": "2025-07-16T15:41:59.188Z",
    "lastUsedAt": "2025-07-09T15:56:59.177Z",
    "deviceInfo": {
      "userAgent": "Mozilla/5.0 (Windows NT 10.0; Win64; x64) AppleWebKit/537.36 (KHTML, like Gecko) Chrome/138.0.0.0 Safari/537.36",
      "ipAddress": "192.168.1.14",
      "deviceFingerprint": "ccd1785ad62465a5218593de161f2612e884c2d63f6eb29b0155aab9f41ee416"
    },
    "revokedBy": null,
    "revokedAt": null,
    "successorToken": "eyJhbGciOiJIUzI1NiIsInR5cCI6IkpXVCJ9.eyJpZCI6IjY4NWIxNTEzYTI1OWI4ODQ3NDljNzczZCIsImlhdCI6MTc1MjA3NjYxOSwiZXhwIjoxNzUyNjgxNDE5fQ.KCtNVL-qF6Dg5cBAndvoiTa15Q_62t_tgvS363aEbh4",
    "createdAt": "2025-07-09T15:41:59.188Z",
    "__v": 0
  },
  {
    "_id": "686e914b94510376abd863a4",
    "token": "eyJhbGciOiJIUzI1NiIsInR5cCI6IkpXVCJ9.eyJpZCI6IjY4NWIxNTEzYTI1OWI4ODQ3NDljNzczZCIsImlhdCI6MTc1MjA3NjYxOSwiZXhwIjoxNzUyNjgxNDE5fQ.KCtNVL-qF6Dg5cBAndvoiTa15Q_62t_tgvS363aEbh4",
    "userId": "685b1513a259b884749c773d",
    "family": "9a4987ab4b14f7c145048589db85d608",
    "isUsed": true,
    "isRevoked": false,
    "expiresAt": "2025-07-16T15:56:59.222Z",
    "lastUsedAt": "2025-07-09T16:11:59.169Z",
    "deviceInfo": {
      "userAgent": "Mozilla/5.0 (Windows NT 10.0; Win64; x64) AppleWebKit/537.36 (KHTML, like Gecko) Chrome/138.0.0.0 Safari/537.36",
      "ipAddress": "192.168.1.14",
      "deviceFingerprint": "ccd1785ad62465a5218593de161f2612e884c2d63f6eb29b0155aab9f41ee416"
    },
    "revokedBy": null,
    "revokedAt": null,
    "successorToken": "eyJhbGciOiJIUzI1NiIsInR5cCI6IkpXVCJ9.eyJpZCI6IjY4NWIxNTEzYTI1OWI4ODQ3NDljNzczZCIsImlhdCI6MTc1MjA3NzUxOSwiZXhwIjoxNzUyNjgyMzE5fQ.qrebmLnzPr_dvlPK3WsB0tlC-HQS7grV9kyf3A13vSU",
    "createdAt": "2025-07-09T15:56:59.222Z",
    "__v": 0
  },
  {
    "_id": "686e94cf94510376abd86412",
    "token": "eyJhbGciOiJIUzI1NiIsInR5cCI6IkpXVCJ9.eyJpZCI6IjY4NWIxNTEzYTI1OWI4ODQ3NDljNzczZCIsImlhdCI6MTc1MjA3NzUxOSwiZXhwIjoxNzUyNjgyMzE5fQ.qrebmLnzPr_dvlPK3WsB0tlC-HQS7grV9kyf3A13vSU",
    "userId": "685b1513a259b884749c773d",
    "family": "9a4987ab4b14f7c145048589db85d608",
    "isUsed": true,
    "isRevoked": false,
    "expiresAt": "2025-07-16T16:11:59.216Z",
    "lastUsedAt": "2025-07-09T16:26:59.172Z",
    "deviceInfo": {
      "userAgent": "Mozilla/5.0 (Windows NT 10.0; Win64; x64) AppleWebKit/537.36 (KHTML, like Gecko) Chrome/138.0.0.0 Safari/537.36",
      "ipAddress": "192.168.1.14",
      "deviceFingerprint": "ccd1785ad62465a5218593de161f2612e884c2d63f6eb29b0155aab9f41ee416"
    },
    "revokedBy": null,
    "revokedAt": null,
    "successorToken": "eyJhbGciOiJIUzI1NiIsInR5cCI6IkpXVCJ9.eyJpZCI6IjY4NWIxNTEzYTI1OWI4ODQ3NDljNzczZCIsImlhdCI6MTc1MjA3ODQxOSwiZXhwIjoxNzUyNjgzMjE5fQ.Zm1apYK84CLQZ4pEFXvjDn7xu-v9ZFMHZp-pDU68DUU",
    "createdAt": "2025-07-09T16:11:59.216Z",
    "__v": 0
  },
  {
    "_id": "686e985394510376abd86480",
    "token": "eyJhbGciOiJIUzI1NiIsInR5cCI6IkpXVCJ9.eyJpZCI6IjY4NWIxNTEzYTI1OWI4ODQ3NDljNzczZCIsImlhdCI6MTc1MjA3ODQxOSwiZXhwIjoxNzUyNjgzMjE5fQ.Zm1apYK84CLQZ4pEFXvjDn7xu-v9ZFMHZp-pDU68DUU",
    "userId": "685b1513a259b884749c773d",
    "family": "9a4987ab4b14f7c145048589db85d608",
    "isUsed": true,
    "isRevoked": false,
    "expiresAt": "2025-07-16T16:26:59.215Z",
    "lastUsedAt": "2025-07-09T16:41:59.172Z",
    "deviceInfo": {
      "userAgent": "Mozilla/5.0 (Windows NT 10.0; Win64; x64) AppleWebKit/537.36 (KHTML, like Gecko) Chrome/138.0.0.0 Safari/537.36",
      "ipAddress": "192.168.1.14",
      "deviceFingerprint": "ccd1785ad62465a5218593de161f2612e884c2d63f6eb29b0155aab9f41ee416"
    },
    "revokedBy": null,
    "revokedAt": null,
    "successorToken": "eyJhbGciOiJIUzI1NiIsInR5cCI6IkpXVCJ9.eyJpZCI6IjY4NWIxNTEzYTI1OWI4ODQ3NDljNzczZCIsImlhdCI6MTc1MjA3OTMxOSwiZXhwIjoxNzUyNjg0MTE5fQ.1bgKfpVV2hRQ9PqPK0i2peE4XBamMxMXub8OT2KKFDk",
    "createdAt": "2025-07-09T16:26:59.215Z",
    "__v": 0
  },
  {
    "_id": "686e9bd794510376abd864ee",
    "token": "eyJhbGciOiJIUzI1NiIsInR5cCI6IkpXVCJ9.eyJpZCI6IjY4NWIxNTEzYTI1OWI4ODQ3NDljNzczZCIsImlhdCI6MTc1MjA3OTMxOSwiZXhwIjoxNzUyNjg0MTE5fQ.1bgKfpVV2hRQ9PqPK0i2peE4XBamMxMXub8OT2KKFDk",
    "userId": "685b1513a259b884749c773d",
    "family": "9a4987ab4b14f7c145048589db85d608",
    "isUsed": true,
    "isRevoked": false,
    "expiresAt": "2025-07-16T16:41:59.215Z",
    "lastUsedAt": "2025-07-09T16:58:52.521Z",
    "deviceInfo": {
      "userAgent": "Mozilla/5.0 (Windows NT 10.0; Win64; x64) AppleWebKit/537.36 (KHTML, like Gecko) Chrome/138.0.0.0 Safari/537.36",
      "ipAddress": "192.168.1.14",
      "deviceFingerprint": "ccd1785ad62465a5218593de161f2612e884c2d63f6eb29b0155aab9f41ee416"
    },
    "revokedBy": null,
    "revokedAt": null,
    "successorToken": "eyJhbGciOiJIUzI1NiIsInR5cCI6IkpXVCJ9.eyJpZCI6IjY4NWIxNTEzYTI1OWI4ODQ3NDljNzczZCIsImlhdCI6MTc1MjA4MDMzMiwiZXhwIjoxNzUyNjg1MTMyfQ.2qBuiJUhdhCm28LIEhHA-Jd9o_OH5LD7G3vhaFxNB1k",
    "createdAt": "2025-07-09T16:41:59.215Z",
    "__v": 0
  },
  {
    "_id": "686e9fcc286df0639d8ce7fb",
    "token": "eyJhbGciOiJIUzI1NiIsInR5cCI6IkpXVCJ9.eyJpZCI6IjY4NWIxNTEzYTI1OWI4ODQ3NDljNzczZCIsImlhdCI6MTc1MjA4MDMzMiwiZXhwIjoxNzUyNjg1MTMyfQ.2qBuiJUhdhCm28LIEhHA-Jd9o_OH5LD7G3vhaFxNB1k",
    "userId": "685b1513a259b884749c773d",
    "family": "9a4987ab4b14f7c145048589db85d608",
    "isUsed": true,
    "isRevoked": false,
    "expiresAt": "2025-07-16T16:58:52.568Z",
    "lastUsedAt": "2025-07-09T17:13:59.196Z",
    "deviceInfo": {
      "userAgent": "Mozilla/5.0 (Windows NT 10.0; Win64; x64) AppleWebKit/537.36 (KHTML, like Gecko) Chrome/138.0.0.0 Safari/537.36",
      "ipAddress": "192.168.1.14",
      "deviceFingerprint": "ccd1785ad62465a5218593de161f2612e884c2d63f6eb29b0155aab9f41ee416"
    },
    "revokedBy": null,
    "revokedAt": null,
    "successorToken": "eyJhbGciOiJIUzI1NiIsInR5cCI6IkpXVCJ9.eyJpZCI6IjY4NWIxNTEzYTI1OWI4ODQ3NDljNzczZCIsImlhdCI6MTc1MjA4MTIzOSwiZXhwIjoxNzUyNjg2MDM5fQ.y8TZIIvd2QHr7nuNDNkFl3g3l-SaUmtkVz49z7RkMmA",
    "createdAt": "2025-07-09T16:58:52.569Z",
    "__v": 0
  },
  {
    "_id": "686ea357d3b67841bdffdf18",
    "token": "eyJhbGciOiJIUzI1NiIsInR5cCI6IkpXVCJ9.eyJpZCI6IjY4NWIxNTEzYTI1OWI4ODQ3NDljNzczZCIsImlhdCI6MTc1MjA4MTIzOSwiZXhwIjoxNzUyNjg2MDM5fQ.y8TZIIvd2QHr7nuNDNkFl3g3l-SaUmtkVz49z7RkMmA",
    "userId": "685b1513a259b884749c773d",
    "family": "9a4987ab4b14f7c145048589db85d608",
    "isUsed": true,
    "isRevoked": false,
    "expiresAt": "2025-07-16T17:13:59.237Z",
    "lastUsedAt": "2025-07-09T17:28:59.175Z",
    "deviceInfo": {
      "userAgent": "Mozilla/5.0 (Windows NT 10.0; Win64; x64) AppleWebKit/537.36 (KHTML, like Gecko) Chrome/138.0.0.0 Safari/537.36",
      "ipAddress": "192.168.1.14",
      "deviceFingerprint": "ccd1785ad62465a5218593de161f2612e884c2d63f6eb29b0155aab9f41ee416"
    },
    "revokedBy": null,
    "revokedAt": null,
    "successorToken": "eyJhbGciOiJIUzI1NiIsInR5cCI6IkpXVCJ9.eyJpZCI6IjY4NWIxNTEzYTI1OWI4ODQ3NDljNzczZCIsImlhdCI6MTc1MjA4MjEzOSwiZXhwIjoxNzUyNjg2OTM5fQ.JD_Str8t-05ykkUEL4KVCwh5ytxvm6in9JcMmBbe48o",
    "createdAt": "2025-07-09T17:13:59.239Z",
    "__v": 0
  },
  {
    "_id": "686ea6dbd3b67841bdffdf86",
    "token": "eyJhbGciOiJIUzI1NiIsInR5cCI6IkpXVCJ9.eyJpZCI6IjY4NWIxNTEzYTI1OWI4ODQ3NDljNzczZCIsImlhdCI6MTc1MjA4MjEzOSwiZXhwIjoxNzUyNjg2OTM5fQ.JD_Str8t-05ykkUEL4KVCwh5ytxvm6in9JcMmBbe48o",
    "userId": "685b1513a259b884749c773d",
    "family": "9a4987ab4b14f7c145048589db85d608",
    "isUsed": true,
    "isRevoked": false,
    "expiresAt": "2025-07-16T17:28:59.225Z",
    "lastUsedAt": "2025-07-09T17:44:00.180Z",
    "deviceInfo": {
      "userAgent": "Mozilla/5.0 (Windows NT 10.0; Win64; x64) AppleWebKit/537.36 (KHTML, like Gecko) Chrome/138.0.0.0 Safari/537.36",
      "ipAddress": "192.168.1.14",
      "deviceFingerprint": "ccd1785ad62465a5218593de161f2612e884c2d63f6eb29b0155aab9f41ee416"
    },
    "revokedBy": null,
    "revokedAt": null,
    "successorToken": "eyJhbGciOiJIUzI1NiIsInR5cCI6IkpXVCJ9.eyJpZCI6IjY4NWIxNTEzYTI1OWI4ODQ3NDljNzczZCIsImlhdCI6MTc1MjA4MzA0MCwiZXhwIjoxNzUyNjg3ODQwfQ.zEcrHRdBp3O5PM47gcUm-5DA7rLySgarmK2FzYJ9CwI",
    "createdAt": "2025-07-09T17:28:59.226Z",
    "__v": 0
  },
  {
    "_id": "686eaa60dd20a308c562f31a",
    "token": "eyJhbGciOiJIUzI1NiIsInR5cCI6IkpXVCJ9.eyJpZCI6IjY4NWIxNTEzYTI1OWI4ODQ3NDljNzczZCIsImlhdCI6MTc1MjA4MzA0MCwiZXhwIjoxNzUyNjg3ODQwfQ.zEcrHRdBp3O5PM47gcUm-5DA7rLySgarmK2FzYJ9CwI",
    "userId": "685b1513a259b884749c773d",
    "family": "9a4987ab4b14f7c145048589db85d608",
    "isUsed": true,
    "isRevoked": false,
    "expiresAt": "2025-07-16T17:44:00.223Z",
    "lastUsedAt": "2025-07-09T18:08:57.317Z",
    "deviceInfo": {
      "userAgent": "Mozilla/5.0 (Windows NT 10.0; Win64; x64) AppleWebKit/537.36 (KHTML, like Gecko) Chrome/138.0.0.0 Safari/537.36",
      "ipAddress": "192.168.1.14",
      "deviceFingerprint": "ccd1785ad62465a5218593de161f2612e884c2d63f6eb29b0155aab9f41ee416"
    },
    "revokedBy": null,
    "revokedAt": null,
    "successorToken": "eyJhbGciOiJIUzI1NiIsInR5cCI6IkpXVCJ9.eyJpZCI6IjY4NWIxNTEzYTI1OWI4ODQ3NDljNzczZCIsImlhdCI6MTc1MjA4NDUzNywiZXhwIjoxNzUyNjg5MzM3fQ.FSwifhYqImoRt1PhwF91u2V1_tYiuiEuFDta8Xo2gMY",
    "createdAt": "2025-07-09T17:44:00.224Z",
    "__v": 0
  },
  {
    "_id": "686eb0393366f03d7006246f",
    "token": "eyJhbGciOiJIUzI1NiIsInR5cCI6IkpXVCJ9.eyJpZCI6IjY4NWIxNTEzYTI1OWI4ODQ3NDljNzczZCIsImlhdCI6MTc1MjA4NDUzNywiZXhwIjoxNzUyNjg5MzM3fQ.FSwifhYqImoRt1PhwF91u2V1_tYiuiEuFDta8Xo2gMY",
    "userId": "685b1513a259b884749c773d",
    "family": "9a4987ab4b14f7c145048589db85d608",
    "isUsed": true,
    "isRevoked": false,
    "expiresAt": "2025-07-16T18:08:57.362Z",
    "lastUsedAt": "2025-07-09T20:41:03.197Z",
    "deviceInfo": {
      "userAgent": "Mozilla/5.0 (Windows NT 10.0; Win64; x64) AppleWebKit/537.36 (KHTML, like Gecko) Chrome/138.0.0.0 Safari/537.36",
      "ipAddress": "192.168.1.14",
      "deviceFingerprint": "ccd1785ad62465a5218593de161f2612e884c2d63f6eb29b0155aab9f41ee416"
    },
    "revokedBy": null,
    "revokedAt": null,
    "successorToken": "eyJhbGciOiJIUzI1NiIsInR5cCI6IkpXVCJ9.eyJpZCI6IjY4NWIxNTEzYTI1OWI4ODQ3NDljNzczZCIsImlhdCI6MTc1MjA5MzY2MywiZXhwIjoxNzUyNjk4NDYzfQ.MFEe7hmKjakujp66D_aecaZeK4djMZ21DXcCChQPRLg",
    "createdAt": "2025-07-09T18:08:57.364Z",
    "__v": 0
  },
  {
    "_id": "686ed3df175e24caf5645fa7",
    "token": "eyJhbGciOiJIUzI1NiIsInR5cCI6IkpXVCJ9.eyJpZCI6IjY4NWIxNTEzYTI1OWI4ODQ3NDljNzczZCIsImlhdCI6MTc1MjA5MzY2MywiZXhwIjoxNzUyNjk4NDYzfQ.MFEe7hmKjakujp66D_aecaZeK4djMZ21DXcCChQPRLg",
    "userId": "685b1513a259b884749c773d",
    "family": "9a4987ab4b14f7c145048589db85d608",
    "isUsed": true,
    "isRevoked": false,
    "expiresAt": "2025-07-16T20:41:03.248Z",
    "lastUsedAt": "2025-07-09T20:56:28.995Z",
    "deviceInfo": {
      "userAgent": "Mozilla/5.0 (Windows NT 10.0; Win64; x64) AppleWebKit/537.36 (KHTML, like Gecko) Chrome/138.0.0.0 Safari/537.36",
      "ipAddress": "192.168.1.14",
      "deviceFingerprint": "ccd1785ad62465a5218593de161f2612e884c2d63f6eb29b0155aab9f41ee416"
    },
    "revokedBy": null,
    "revokedAt": null,
    "successorToken": "eyJhbGciOiJIUzI1NiIsInR5cCI6IkpXVCJ9.eyJpZCI6IjY4NWIxNTEzYTI1OWI4ODQ3NDljNzczZCIsImlhdCI6MTc1MjA5NDU4OSwiZXhwIjoxNzUyNjk5Mzg5fQ.53QE1nh0rVrls7PwxgLqV3to-IdZEyvonawPhrghCLM",
    "createdAt": "2025-07-09T20:41:03.251Z",
    "__v": 0
  },
  {
    "_id": "686ed77d175e24caf5646860",
    "token": "eyJhbGciOiJIUzI1NiIsInR5cCI6IkpXVCJ9.eyJpZCI6IjY4NWIxNTEzYTI1OWI4ODQ3NDljNzczZCIsImlhdCI6MTc1MjA5NDU4OSwiZXhwIjoxNzUyNjk5Mzg5fQ.53QE1nh0rVrls7PwxgLqV3to-IdZEyvonawPhrghCLM",
    "userId": "685b1513a259b884749c773d",
    "family": "9a4987ab4b14f7c145048589db85d608",
    "isUsed": false,
    "isRevoked": false,
    "expiresAt": "2025-07-16T20:56:29.038Z",
    "lastUsedAt": "2025-07-09T21:10:53.131Z",
    "deviceInfo": {
      "userAgent": "Mozilla/5.0 (Windows NT 10.0; Win64; x64) AppleWebKit/537.36 (KHTML, like Gecko) Chrome/138.0.0.0 Safari/537.36",
      "ipAddress": "192.168.1.14",
      "deviceFingerprint": "ccd1785ad62465a5218593de161f2612e884c2d63f6eb29b0155aab9f41ee416"
    },
    "revokedBy": null,
    "revokedAt": null,
    "successorToken": null,
    "createdAt": "2025-07-09T20:56:29.039Z",
    "__v": 0
  }
]