[
  {
    "_id": "685eee6c18c412eda84c64d4",
    "userId": "685b1513a259b884749c773d",
    "connectionId": "685c86385b2c9d60cd0fbd3f",
    "name": "users_find_1751051884783",
    "description": "Saved query for users.find",
    "query": "db.users.find({})",
    "naturalLanguage": null,
    "generatedQuery": null,
    "tags": [],
    "collection": "users",
    "operation": "find",
    "isPublic": false,
    "usageCount": 0,
    "lastUsed": null,
    "createdAt": "2025-06-27T19:18:04.822Z",
    "updatedAt": "2025-06-27T19:18:04.822Z",
    "__v": 0
  },
  {
    "_id": "685eeecd18c412eda84c64df",
    "userId": "685b1513a259b884749c773d",
    "connectionId": "685c86385b2c9d60cd0fbd3f",
    "name": "users_find_1751051981830",
    "description": "Saved query for users.find",
    "query": "db.users.find({\"email\":\"himavarshithreddy@gmail.com\"})",
    "naturalLanguage": null,
    "generatedQuery": null,
    "tags": [],
    "collection": "users",
    "operation": "find",
    "isPublic": false,
    "usageCount": 0,
    "lastUsed": null,
    "createdAt": "2025-06-27T19:19:41.868Z",
    "updatedAt": "2025-06-27T19:19:41.868Z",
    "__v": 0
  },
  {
    "_id": "685f1d5bdf2b1234674dcdf7",
    "userId": "685b1513a259b884749c773d",
    "connectionId": "685c86385b2c9d60cd0fbd3f",
    "name": "users_find_1751063899855",
    "description": "Saved query for users.find",
    "query": "db.users.find({\"verified\": true})",
    "naturalLanguage": null,
    "generatedQuery": null,
    "result": [
      {
        "_id": "685b1513a259b884749c773d",
        "name": "Himavarshith Reddy",
        "email": "gundamhimavarshith@gmail.com",
        "password": "$2b$10$8nwkKoIPfg/EmtOejRD49um1XzCQpjZNW6oB0u9QhcE0BPf9bdgtW",
        "isVerified": true,
        "resetPasswordToken": null,
        "oauthProvider": null,
        "oauthId": null,
        "createdAt": "2025-06-24T21:13:55.126Z",
        "__v": 0
      },
      {
        "_id": "685bd48072ef24f0d2b087ba",
        "name": "HIMAVARSHITH REDDY",
        "email": "himavarshithreddygundam@gmail.com",
        "isVerified": true,
        "verificationToken": null,
        "resetPasswordToken": null,
        "oauthProvider": "google",
        "oauthId": "105859880547134378248",
        "createdAt": "2025-06-25T10:50:40.346Z",
        "__v": 0
      },
      {
        "_id": "685d8cce50efc0e0a270a07b",
        "name": "Himavarshith Reddy",
        "email": "hg5605@srmist.edu.in",
        "password": "$2b$10$3Vo1EDsxDT29uyOqIJ/F6ea8Exj/3FDN7PN5mVDnaMy1spBq3hPQ2",
        "isVerified": true,
        "resetPasswordToken": null,
        "oauthProvider": null,
        "oauthId": null,
        "createdAt": "2025-06-26T18:09:18.521Z",
        "__v": 0
      }
    ],
    "tags": [],
    "collectionName": "users",
    "operation": "find",
    "isPublic": false,
    "usageCount": 0,
    "lastUsed": null,
    "createdAt": "2025-06-27T22:38:19.906Z",
    "updatedAt": "2025-06-27T22:38:19.906Z",
    "__v": 0
  },
  {
    "_id": "685f251d3d5d805f624cb030",
    "userId": "685b1513a259b884749c773d",
    "connectionId": "685c86385b2c9d60cd0fbd3f",
    "name": "savedqueries_find_1751065885597",
    "description": "Saved query for savedqueries.find",
    "query": "db.savedqueries.find({\"userId\": {\"$in\": db.users.find({\"oauthProvider\": null}, {\"_id\": 1}).map(function(doc) {return doc._id;})}}, {\"name\": 1, \"email\": 1})",
    "naturalLanguage": null,
    "generatedQuery": null,
    "result": [
      {
        "_id": "685eee6c18c412eda84c64d4",
        "description": "Saved query for users.find",
        "query": "db.users.find({})",
        "name": [
          "Himavarshith Reddy"
        ],
        "email": [
          "gundamhimavarshith@gmail.com"
        ]
      },
      {
        "_id": "685eeecd18c412eda84c64df",
        "description": "Saved query for users.find",
        "query": "db.users.find({\"email\":\"himavarshithreddy@gmail.com\"})",
        "name": [
          "Himavarshith Reddy"
        ],
        "email": [
          "gundamhimavarshith@gmail.com"
        ]
      },
      {
        "_id": "685f1d5bdf2b1234674dcdf7",
        "description": "Saved query for users.find",
        "query": "db.users.find({\"verified\": true})",
        "name": [
          "Himavarshith Reddy"
        ],
        "email": [
          "gundamhimavarshith@gmail.com"
        ]
      }
    ],
    "tags": [],
    "collectionName": "savedqueries",
    "operation": "find",
    "isPublic": false,
    "usageCount": 0,
    "lastUsed": null,
    "createdAt": "2025-06-27T23:11:25.642Z",
    "updatedAt": "2025-06-27T23:11:25.642Z",
    "__v": 0
  },
  {
    "_id": "68608d50a38c770b5b0cf364",
    "userId": "685b1513a259b884749c773d",
    "connectionId": "685c86385b2c9d60cd0fbd3f",
    "name": "users_deleteMany_1751158096128",
    "description": "Saved query for users.deleteMany",
    "query": "db.users.deleteMany({\"name\": \"siddu\"})",
    "naturalLanguage": null,
    "generatedQuery": null,
    "result": null,
    "tags": [],
    "collectionName": "users",
    "operation": "deleteMany",
    "isPublic": false,
    "usageCount": 0,
    "lastUsed": null,
    "createdAt": "2025-06-29T00:48:16.181Z",
    "updatedAt": "2025-06-29T00:48:16.181Z",
    "__v": 0
  },
  {
    "_id": "68626a397bbdda8a85aeaa19",
    "userId": "685b1513a259b884749c773d",
    "connectionId": "6862685d7bbdda8a85aea980",
    "name": "unknown_unknown_1751280185045",
    "description": "Saved query for unknown.unknown",
    "query": "find users",
    "naturalLanguage": null,
    "generatedQuery": null,
    "result": null,
    "tags": [],
    "collectionName": "unknown",
    "operation": "unknown",
    "isPublic": false,
    "usageCount": 0,
    "lastUsed": null,
    "createdAt": "2025-06-30T10:43:05.092Z",
    "updatedAt": "2025-06-30T10:43:05.092Z",
    "__v": 0
  },
  {
    "_id": "686916a49f364e8335b22ec4",
    "userId": "685b1513a259b884749c773d",
    "connectionId": "685c86385b2c9d60cd0fbd3f",
    "name": "unknown_unknown_1751717540048",
    "description": "Saved query for unknown.unknown",
    "query": "users logged using gmail",
    "naturalLanguage": null,
    "generatedQuery": null,
    "result": [
      {
        "_id": "685b1513a259b884749c773d",
        "name": "Himavarshith Reddy",
        "email": "gundamhimavarshith@gmail.com",
        "password": "$2b$10$I2QzZvB7yunBFNvX85qn7.GF9HMHLqvR2RlK.9OTdpQgd9.k1rH.O",
        "isVerified": true,
        "resetPasswordToken": "4e215bbd002a607cbd39a1ab72ffb86540b0d7b34a7bf31a2da9a7960af198ac",
        "oauthProvider": null,
        "oauthId": null,
        "createdAt": "2025-06-24T21:13:55.126Z",
        "__v": 6,
        "backupCodes": [
          {
            "code": "{\"encrypted\":\"66956fab43cd1645\",\"iv\":\"6650e6fe7b4ec13e56e79dea80df3ef2\",\"authTag\":\"b2bc1c82440ffceab872eddb93c7dddd\"}",
            "used": true,
            "usedAt": "2025-06-29T19:34:31.152Z",
            "_id": "686195147c9dd48ddb52c4d9"
          },
          {
            "code": "{\"encrypted\":\"4f95d950ae7c488e\",\"iv\":\"5ef34d21af0c56659c9c3f5ac26c1db5\",\"authTag\":\"6281a5a0fbf347f867dbfc922955023c\"}",
            "used": false,
            "usedAt": null,
            "_id": "686195147c9dd48ddb52c4da"
          },
          {
            "code": "{\"encrypted\":\"0a8467e8f4a5d10f\",\"iv\":\"5a67efb0efa844a09d61737741d759ff\",\"authTag\":\"403789ca9679d97381c7332dc7b2ba5e\"}",
            "used": false,
            "usedAt": null,
            "_id": "686195147c9dd48ddb52c4db"
          },
          {
            "code": "{\"encrypted\":\"1ca8319192cb1854\",\"iv\":\"a9ab464e5639b78a98b62095a5de2d1a\",\"authTag\":\"545beaa02f2f110b69e3016010e233f2\"}",
            "used": false,
            "usedAt": null,
            "_id": "686195147c9dd48ddb52c4dc"
          },
          {
            "code": "{\"encrypted\":\"e6f3bab7fcc37c2d\",\"iv\":\"a66939c1a7bada06190f0fdd97034687\",\"authTag\":\"920f58c658bee26328909b0c98fcca13\"}",
            "used": false,
            "usedAt": null,
            "_id": "686195147c9dd48ddb52c4dd"
          },
          {
            "code": "{\"encrypted\":\"2ae2dea6934b3604\",\"iv\":\"87368300261f04b01b03c9ab171c0c50\",\"authTag\":\"82352ce530074d397b79dffee3655277\"}",
            "used": false,
            "usedAt": null,
            "_id": "686195147c9dd48ddb52c4de"
          },
          {
            "code": "{\"encrypted\":\"fca6ff5d670d08b1\",\"iv\":\"6ed82e5e534b9b37d20afbf5f1402566\",\"authTag\":\"46e11a2c1a72e3380fb6b5d14adfeb89\"}",
            "used": false,
            "usedAt": null,
            "_id": "686195147c9dd48ddb52c4df"
          },
          {
            "code": "{\"encrypted\":\"644d0ffff5076c8b\",\"iv\":\"acc1fffe8b216192ecb4fe722e70aa13\",\"authTag\":\"df26c81cc82045c61891f0c451e1660c\"}",
            "used": false,
            "usedAt": null,
            "_id": "686195147c9dd48ddb52c4e0"
          },
          {
            "code": "{\"encrypted\":\"65fbca5a254d355e\",\"iv\":\"72366825b10128055570c4ac7885fc2a\",\"authTag\":\"c5dd8a93f35f20cd8d4e3be1fb42d2a9\"}",
            "used": false,
            "usedAt": null,
            "_id": "686195147c9dd48ddb52c4e1"
          },
          {
            "code": "{\"encrypted\":\"df66ea13d34838bc\",\"iv\":\"712a3319dbec65c4c41053ca7c8ce517\",\"authTag\":\"cb051485d3ae3efe2ee41e659a56c9d1\"}",
            "used": false,
            "usedAt": null,
            "_id": "686195147c9dd48ddb52c4e2"
          }
        ],
        "twoFactorEnabled": false,
        "twoFactorSecret": "IGe2fX[2yEr3<00o>CFs",
        "twoFactorSetupPending": false,
        "twoFactormethod": null,
        "loginNotificationsEnabled": true
      },
      {
        "_id": "6866f194933d86bfbffea4a0",
        "name": "Himavarshith Reddy ",
        "email": "himavarshithreddy@gmail.com",
        "isVerified": true,
        "verificationToken": null,
        "resetPasswordToken": null,
        "oauthProvider": "github",
        "oauthId": "65753223",
        "twoFactorEnabled": false,
        "twoFactormethod": null,
        "twoFactorToken": null,
        "twoFactorExpiresAt": null,
        "twoFactorSecret": null,
        "twoFactorSetupPending": false,
        "loginNotificationsEnabled": true,
        "createdAt": "2025-07-03T21:09:40.163Z",
        "backupCodes": [],
        "__v": 0
      },
      {
        "_id": "685bd48072ef24f0d2b087ba",
        "name": "HIMAVARSHITH REDDY",
        "email": "himavarshithreddygundam@gmail.com",
        "isVerified": true,
        "verificationToken": null,
        "resetPasswordToken": null,
        "oauthProvider": "google",
        "oauthId": "105859880547134378248",
        "createdAt": "2025-06-25T10:50:40.346Z",
        "__v": 0
      }
    ],
    "tags": [],
    "collectionName": "unknown",
    "operation": "unknown",
    "isPublic": false,
    "usageCount": 0,
    "lastUsed": null,
    "createdAt": "2025-07-05T12:12:20.087Z",
    "updatedAt": "2025-07-05T12:12:20.087Z",
    "__v": 0
  }
]