[
  {
    "_id": "6866ebc1933d86bfbffe990f",
    "userId": "685b1513a259b884749c773d",
    "queryExecution": {
      "daily": {
        "count": 12,
        "limit": 100,
        "date": "2025-07-09"
      },
      "monthly": {
        "count": 48,
        "limit": 2000,
        "month": "2025-07"
      }
    },
    "aiGeneration": {
      "daily": {
        "count": 8,
        "limit": 10,
        "date": "2025-07-09"
      },
      "monthly": {
        "count": 35,
        "limit": 200,
        "month": "2025-07"
      }
    },
    "lastDailyReset": "2025-07-09T14:41:36.791Z",
    "lastMonthlyReset": "2025-07-03T20:44:49.850Z",
    "usageHistory": [
      {
        "type": "query",
        "operation": "aggregate",
        "connectionId": "685c86385b2c9d60cd0fbd3f",
        "_id": "6866ebd4933d86bfbffe9938",
        "date": "2025-07-03T20:45:08.275Z"
      },
      {
        "type": "query",
        "operation": "aggregate",
        "connectionId": "685c86385b2c9d60cd0fbd3f",
        "_id": "6866ebd6933d86bfbffe9944",
        "date": "2025-07-03T20:45:10.587Z"
      },
      {
        "type": "query",
        "operation": "aggregate",
        "connectionId": "685c86385b2c9d60cd0fbd3f",
        "_id": "6866ebd8933d86bfbffe9952",
        "date": "2025-07-03T20:45:12.361Z"
      },
      {
        "type": "query",
        "operation": "aggregate",
        "connectionId": "685c86385b2c9d60cd0fbd3f",
        "_id": "6866ebd9933d86bfbffe9962",
        "date": "2025-07-03T20:45:13.526Z"
      },
      {
        "type": "query",
        "operation": "aggregate",
        "connectionId": "685c86385b2c9d60cd0fbd3f",
        "_id": "6866ebda933d86bfbffe9974",
        "date": "2025-07-03T20:45:14.220Z"
      },
      {
        "type": "query",
        "operation": "aggregate",
        "connectionId": "685c86385b2c9d60cd0fbd3f",
        "_id": "6866ebda933d86bfbffe9988",
        "date": "2025-07-03T20:45:14.926Z"
      },
      {
        "type": "query",
        "operation": "aggregate",
        "connectionId": "685c86385b2c9d60cd0fbd3f",
        "_id": "6866ebdb933d86bfbffe999e",
        "date": "2025-07-03T20:45:15.210Z"
      },
      {
        "type": "query",
        "operation": "aggregate",
        "connectionId": "685c86385b2c9d60cd0fbd3f",
        "_id": "6866ebdb933d86bfbffe99b6",
        "date": "2025-07-03T20:45:15.508Z"
      },
      {
        "type": "query",
        "operation": "aggregate",
        "connectionId": "685c86385b2c9d60cd0fbd3f",
        "_id": "6866ebdb933d86bfbffe99d0",
        "date": "2025-07-03T20:45:15.823Z"
      },
      {
        "type": "query",
        "operation": "aggregate",
        "connectionId": "685c86385b2c9d60cd0fbd3f",
        "_id": "6866ebdc933d86bfbffe99ec",
        "date": "2025-07-03T20:45:16.290Z"
      },
      {
        "type": "query",
        "operation": "aggregate",
        "connectionId": "685c86385b2c9d60cd0fbd3f",
        "_id": "6866ebdc933d86bfbffe9a0a",
        "date": "2025-07-03T20:45:16.915Z"
      },
      {
        "type": "query",
        "operation": "aggregate",
        "connectionId": "685c86385b2c9d60cd0fbd3f",
        "_id": "6866ebdd933d86bfbffe9a2a",
        "date": "2025-07-03T20:45:17.192Z"
      },
      {
        "type": "query",
        "operation": "aggregate",
        "connectionId": "685c86385b2c9d60cd0fbd3f",
        "_id": "6866ebdd933d86bfbffe9a4c",
        "date": "2025-07-03T20:45:17.538Z"
      },
      {
        "type": "query",
        "operation": "aggregate",
        "connectionId": "685c86385b2c9d60cd0fbd3f",
        "_id": "6866ebdd933d86bfbffe9a70",
        "date": "2025-07-03T20:45:17.855Z"
      },
      {
        "type": "query",
        "operation": "aggregate",
        "connectionId": "685c86385b2c9d60cd0fbd3f",
        "_id": "6866ebde933d86bfbffe9a96",
        "date": "2025-07-03T20:45:18.285Z"
      },
      {
        "type": "ai_generation",
        "operation": "query_generation",
        "connectionId": "685c86385b2c9d60cd0fbd3f",
        "_id": "6866ec3f933d86bfbffe9b7f",
        "date": "2025-07-03T20:46:55.839Z"
      },
      {
        "type": "query",
        "operation": "find",
        "connectionId": "685c86385b2c9d60cd0fbd3f",
        "_id": "6866ec44933d86bfbffe9ba6",
        "date": "2025-07-03T20:47:00.399Z"
      },
      {
        "type": "ai_generation",
        "operation": "query_generation",
        "connectionId": "685c86385b2c9d60cd0fbd3f",
        "_id": "6866ec4e933d86bfbffe9bd1",
        "date": "2025-07-03T20:47:10.736Z"
      },
      {
        "type": "ai_generation",
        "operation": "query_generation",
        "connectionId": "685c86385b2c9d60cd0fbd3f",
        "_id": "6866ec55933d86bfbffe9bfa",
        "date": "2025-07-03T20:47:17.600Z"
      },
      {
        "type": "ai_generation",
        "operation": "query_generation",
        "connectionId": "685c86385b2c9d60cd0fbd3f",
        "_id": "6866ec5a933d86bfbffe9c25",
        "date": "2025-07-03T20:47:22.686Z"
      },
      {
        "type": "ai_generation",
        "operation": "query_generation",
        "connectionId": "685c86385b2c9d60cd0fbd3f",
        "_id": "6866ec5f933d86bfbffe9c52",
        "date": "2025-07-03T20:47:27.670Z"
      },
      {
        "type": "ai_generation",
        "operation": "query_generation",
        "connectionId": "685c86385b2c9d60cd0fbd3f",
        "_id": "6866ec64933d86bfbffe9c81",
        "date": "2025-07-03T20:47:32.171Z"
      },
      {
        "type": "ai_generation",
        "operation": "query_generation",
        "connectionId": "685c86385b2c9d60cd0fbd3f",
        "_id": "6866ec83933d86bfbffe9cb3",
        "date": "2025-07-03T20:48:03.933Z"
      },
      {
        "type": "ai_generation",
        "operation": "query_generation",
        "connectionId": "685c86385b2c9d60cd0fbd3f",
        "_id": "6866ec88933d86bfbffe9ce6",
        "date": "2025-07-03T20:48:08.161Z"
      },
      {
        "type": "ai_generation",
        "operation": "query_generation",
        "connectionId": "685c86385b2c9d60cd0fbd3f",
        "_id": "6866ec8c933d86bfbffe9d1c",
        "date": "2025-07-03T20:48:12.705Z"
      },
      {
        "type": "ai_generation",
        "operation": "query_generation",
        "connectionId": "685c86385b2c9d60cd0fbd3f",
        "_id": "6866ec92933d86bfbffe9d53",
        "date": "2025-07-03T20:48:18.026Z"
      },
      {
        "type": "ai_generation",
        "operation": "query_generation",
        "connectionId": "685c86385b2c9d60cd0fbd3f",
        "_id": "6866ecbe933d86bfbffe9eec",
        "date": "2025-07-03T20:49:02.428Z"
      },
      {
        "type": "query",
        "operation": "find",
        "connectionId": "685c86385b2c9d60cd0fbd3f",
        "_id": "6866ecc4933d86bfbffe9f29",
        "date": "2025-07-03T20:49:08.226Z"
      },
      {
        "type": "query",
        "operation": "find",
        "connectionId": "685c86385b2c9d60cd0fbd3f",
        "_id": "6866eccc933d86bfbffe9f6c",
        "date": "2025-07-03T20:49:16.097Z"
      },
      {
        "type": "query",
        "operation": "find",
        "connectionId": "685c86385b2c9d60cd0fbd3f",
        "_id": "6866eccd933d86bfbffe9fb0",
        "date": "2025-07-03T20:49:17.589Z"
      },
      {
        "type": "query",
        "operation": "find",
        "connectionId": "685c86385b2c9d60cd0fbd3f",
        "_id": "6866ecce933d86bfbffe9ff6",
        "date": "2025-07-03T20:49:18.225Z"
      },
      {
        "type": "query",
        "operation": "find",
        "connectionId": "685c86385b2c9d60cd0fbd3f",
        "_id": "6866eccf933d86bfbffea03e",
        "date": "2025-07-03T20:49:19.240Z"
      },
      {
        "type": "query",
        "operation": "find",
        "connectionId": "685c86385b2c9d60cd0fbd3f",
        "_id": "6866eccf933d86bfbffea088",
        "date": "2025-07-03T20:49:19.970Z"
      },
      {
        "type": "ai_generation",
        "operation": "query_generation",
        "connectionId": "685c86385b2c9d60cd0fbd3f",
        "_id": "6869168b9f364e8335b22e4e",
        "date": "2025-07-05T12:11:55.583Z"
      },
      {
        "type": "query",
        "operation": "find",
        "connectionId": "685c86385b2c9d60cd0fbd3f",
        "_id": "686916909f364e8335b22e99",
        "date": "2025-07-05T12:12:00.974Z"
      },
      {
        "type": "ai_generation",
        "operation": "query_generation",
        "connectionId": "685c86385b2c9d60cd0fbd3f",
        "_id": "686916ca9f364e8335b22eee",
        "date": "2025-07-05T12:12:58.301Z"
      },
      {
        "type": "query",
        "operation": "find",
        "connectionId": "685c86385b2c9d60cd0fbd3f",
        "_id": "686916d09f364e8335b22f3d",
        "date": "2025-07-05T12:13:04.907Z"
      },
      {
        "type": "ai_generation",
        "operation": "query_generation",
        "connectionId": "685c86385b2c9d60cd0fbd3f",
        "_id": "686917069f364e8335b22f91",
        "date": "2025-07-05T12:13:58.554Z"
      },
      {
        "type": "ai_generation",
        "operation": "query_generation",
        "connectionId": "686ba02d0df8e3c238061288",
        "_id": "686ba32b717c4f2a64ab644c",
        "date": "2025-07-07T10:36:27.393Z"
      },
      {
        "type": "ai_generation",
        "operation": "query_generation",
        "connectionId": "686ba02d0df8e3c238061288",
        "_id": "686ba364717c4f2a64ab64cd",
        "date": "2025-07-07T10:37:24.916Z"
      },
      {
        "type": "ai_generation",
        "operation": "query_generation",
        "connectionId": "686ba02d0df8e3c238061288",
        "_id": "686ba5069f436345cb88c781",
        "date": "2025-07-07T10:44:22.239Z"
      },
      {
        "type": "query",
        "operation": "aggregate",
        "connectionId": "686ba02d0df8e3c238061288",
        "_id": "686ba5319f436345cb88c806",
        "date": "2025-07-07T10:45:05.221Z"
      },
      {
        "type": "ai_generation",
        "operation": "query_generation",
        "connectionId": "686ba02d0df8e3c238061288",
        "_id": "686ba54e9f436345cb88c863",
        "date": "2025-07-07T10:45:34.490Z"
      },
      {
        "type": "query",
        "operation": "countDocuments",
        "connectionId": "686ba02d0df8e3c238061288",
        "_id": "686ba5549f436345cb88c8c1",
        "date": "2025-07-07T10:45:40.012Z"
      },
      {
        "type": "ai_generation",
        "operation": "query_generation",
        "connectionId": "686bcd0e52a5b084c1d653f8",
        "_id": "686bcd9352a5b084c1d654d1",
        "date": "2025-07-07T13:37:23.454Z"
      },
      {
        "type": "query",
        "operation": "aggregate",
        "connectionId": "686bcd0e52a5b084c1d653f8",
        "_id": "686bcd9852a5b084c1d65532",
        "date": "2025-07-07T13:37:28.552Z"
      },
      {
        "type": "ai_generation",
        "operation": "query_generation",
        "connectionId": "686bcd0e52a5b084c1d653f8",
        "_id": "686bcdac52a5b084c1d65597",
        "date": "2025-07-07T13:37:48.255Z"
      },
      {
        "type": "query",
        "operation": "aggregate",
        "connectionId": "686bcd0e52a5b084c1d653f8",
        "_id": "686bcdaf52a5b084c1d655fc",
        "date": "2025-07-07T13:37:51.137Z"
      },
      {
        "type": "ai_generation",
        "operation": "query_generation",
        "connectionId": "686bcd0e52a5b084c1d653f8",
        "_id": "686bcdde52a5b084c1d65665",
        "date": "2025-07-07T13:38:38.668Z"
      },
      {
        "type": "query",
        "operation": "find",
        "connectionId": "686bcd0e52a5b084c1d653f8",
        "_id": "686bcde052a5b084c1d656ce",
        "date": "2025-07-07T13:38:40.328Z"
      },
      {
        "type": "ai_generation",
        "operation": "query_generation",
        "connectionId": "686bcd0e52a5b084c1d653f8",
        "_id": "686bce0852a5b084c1d6573c",
        "date": "2025-07-07T13:39:20.193Z"
      },
      {
        "type": "query",
        "operation": "find",
        "connectionId": "686bcd0e52a5b084c1d653f8",
        "_id": "686bce0a52a5b084c1d657a9",
        "date": "2025-07-07T13:39:22.268Z"
      },
      {
        "type": "ai_generation",
        "operation": "query_generation",
        "connectionId": "686bcd0e52a5b084c1d653f8",
        "_id": "686bce2052a5b084c1d6581a",
        "date": "2025-07-07T13:39:44.055Z"
      },
      {
        "type": "query",
        "operation": "find",
        "connectionId": "686bcd0e52a5b084c1d653f8",
        "_id": "686bce2152a5b084c1d6588b",
        "date": "2025-07-07T13:39:45.900Z"
      },
      {
        "type": "ai_generation",
        "operation": "query_generation",
        "connectionId": "686bcd0e52a5b084c1d653f8",
        "_id": "686bce3552a5b084c1d658ff",
        "date": "2025-07-07T13:40:05.501Z"
      },
      {
        "type": "query",
        "operation": "find",
        "connectionId": "686bcd0e52a5b084c1d653f8",
        "_id": "686bce3652a5b084c1d65974",
        "date": "2025-07-07T13:40:06.919Z"
      },
      {
        "type": "query",
        "operation": "find",
        "connectionId": "686bcd0e52a5b084c1d653f8",
        "_id": "686bce3a52a5b084c1d659ee",
        "date": "2025-07-07T13:40:10.574Z"
      },
      {
        "type": "ai_generation",
        "operation": "query_generation",
        "connectionId": "686bcd0e52a5b084c1d653f8",
        "_id": "686bce7352a5b084c1d65ade",
        "date": "2025-07-07T13:41:07.112Z"
      },
      {
        "type": "query",
        "operation": "aggregate",
        "connectionId": "686bcd0e52a5b084c1d653f8",
        "_id": "686bce7b52a5b084c1d65b5a",
        "date": "2025-07-07T13:41:15.052Z"
      },
      {
        "type": "ai_generation",
        "operation": "query_generation",
        "connectionId": "685c86385b2c9d60cd0fbd3f",
        "_id": "686bceb552a5b084c1d65cd1",
        "date": "2025-07-07T13:42:13.634Z"
      },
      {
        "type": "query",
        "operation": "aggregate",
        "connectionId": "685c86385b2c9d60cd0fbd3f",
        "_id": "686bcebd52a5b084c1d65d50",
        "date": "2025-07-07T13:42:21.773Z"
      },
      {
        "type": "ai_generation",
        "operation": "query_generation",
        "connectionId": "686bd279d3919bfe3a936bb8",
        "_id": "686bd285d3919bfe3a936cd1",
        "date": "2025-07-07T13:58:29.307Z"
      },
      {
        "type": "query",
        "operation": "find",
        "connectionId": "686bd279d3919bfe3a936bb8",
        "_id": "686bd287d3919bfe3a936d54",
        "date": "2025-07-07T13:58:31.241Z"
      },
      {
        "type": "ai_generation",
        "operation": "query_generation",
        "connectionId": "686e7562f4ee48774b127ba0",
        "_id": "686e7fa5f4ee48774b127ffb",
        "date": "2025-07-09T14:41:41.499Z"
      },
      {
        "type": "query",
        "operation": "find",
        "connectionId": "686e7562f4ee48774b127ba0",
        "_id": "686e7fa8f4ee48774b128086",
        "date": "2025-07-09T14:41:44.368Z"
      },
      {
        "type": "query",
        "operation": "find",
        "connectionId": "686e7562f4ee48774b127ba0",
        "_id": "686e7fcef4ee48774b12811b",
        "date": "2025-07-09T14:42:22.568Z"
      },
      {
        "type": "query",
        "operation": "find",
        "connectionId": "686e7562f4ee48774b127ba0",
        "_id": "686e7fd6f4ee48774b1281af",
        "date": "2025-07-09T14:42:30.310Z"
      },
      {
        "type": "query",
        "operation": "find",
        "connectionId": "686e7562f4ee48774b127ba0",
        "_id": "686e7ff0f4ee48774b12828f",
        "date": "2025-07-09T14:42:56.002Z"
      },
      {
        "type": "ai_generation",
        "operation": "query_generation",
        "connectionId": "686e7562f4ee48774b127ba0",
        "_id": "686e8005f4ee48774b128328",
        "date": "2025-07-09T14:43:17.035Z"
      },
      {
        "type": "query",
        "operation": "countDocuments",
        "connectionId": "686e7562f4ee48774b127ba0",
        "_id": "686e8006f4ee48774b1283bd",
        "date": "2025-07-09T14:43:18.763Z"
      },
      {
        "type": "query",
        "operation": "countDocuments",
        "connectionId": "686e7562f4ee48774b127ba0",
        "_id": "686e8008f4ee48774b128459",
        "date": "2025-07-09T14:43:20.426Z"
      },
      {
        "type": "ai_generation",
        "operation": "query_generation",
        "connectionId": "686ea1a1aa61ead0833a9c50",
        "_id": "686ea1b5aa61ead0833a9db5",
        "date": "2025-07-09T17:07:01.323Z"
      },
      {
        "type": "query",
        "operation": "find",
        "connectionId": "686ea1a1aa61ead0833a9c50",
        "_id": "686ea1b7aa61ead0833a9e50",
        "date": "2025-07-09T17:07:03.378Z"
      },
      {
        "type": "query",
        "operation": "getCollection",
        "connectionId": "686ea1a1aa61ead0833a9c50",
        "_id": "686ea300b0fd4411834b75f6",
        "date": "2025-07-09T17:12:32.466Z"
      },
      {
        "type": "ai_generation",
        "operation": "query_generation",
        "connectionId": "686ea1a1aa61ead0833a9c50",
        "_id": "686ea972d3b67841bdffe036",
        "date": "2025-07-09T17:40:02.175Z"
      },
      {
        "type": "ai_generation",
        "operation": "query_generation",
        "connectionId": "686ea1a1aa61ead0833a9c50",
        "_id": "686eaa28dd20a308c562f210",
        "date": "2025-07-09T17:43:04.213Z"
      },
      {
        "type": "query",
        "operation": "find",
        "connectionId": "686ea1a1aa61ead0833a9c50",
        "_id": "686eaa2add20a308c562f2b3",
        "date": "2025-07-09T17:43:06.525Z"
      },
      {
        "type": "ai_generation",
        "operation": "query_generation",
        "connectionId": "686ea1a1aa61ead0833a9c50",
        "_id": "686eaaf375d7050739f071af",
        "date": "2025-07-09T17:46:27.409Z"
      },
      {
        "type": "query",
        "operation": "getCollection",
        "connectionId": "686ea1a1aa61ead0833a9c50",
        "_id": "686eaaf675d7050739f07256",
        "date": "2025-07-09T17:46:30.603Z"
      },
      {
        "type": "ai_generation",
        "operation": "query_generation",
        "connectionId": "686ea1a1aa61ead0833a9c50",
        "_id": "686eab0875d7050739f07305",
        "date": "2025-07-09T17:46:48.998Z"
      },
      {
        "type": "query",
        "operation": "getCollection",
        "connectionId": "686ea1a1aa61ead0833a9c50",
        "_id": "686eab0b75d7050739f073b0",
        "date": "2025-07-09T17:46:51.004Z"
      },
      {
        "type": "ai_generation",
        "operation": "query_generation",
        "connectionId": "686ea1a1aa61ead0833a9c50",
        "_id": "686eab1b75d7050739f07460",
        "date": "2025-07-09T17:47:07.361Z"
      },
      {
        "type": "query",
        "operation": "getCollection",
        "connectionId": "686ea1a1aa61ead0833a9c50",
        "_id": "686eab1c75d7050739f0750f",
        "date": "2025-07-09T17:47:08.995Z"
      }
    ],
    "createdAt": "2025-07-03T20:44:49.851Z",
    "updatedAt": "2025-07-09T17:47:09.001Z",
    "__v": 83
  },
  {
    "_id": "686c52cafd2a60eb5499a184",
    "userId": "6866f194933d86bfbffea4a0",
    "queryExecution": {
      "daily": {
        "count": 0,
        "limit": 100,
        "date": "2025-07-07"
      },
      "monthly": {
        "count": 0,
        "limit": 2000,
        "month": "2025-07"
      }
    },
    "aiGeneration": {
      "daily": {
        "count": 0,
        "limit": 10,
        "date": "2025-07-07"
      },
      "monthly": {
        "count": 0,
        "limit": 200,
        "month": "2025-07"
      }
    },
    "lastDailyReset": "2025-07-07T23:05:46.897Z",
    "lastMonthlyReset": "2025-07-07T23:05:46.897Z",
    "usageHistory": [],
    "createdAt": "2025-07-07T23:05:46.898Z",
    "updatedAt": "2025-07-07T23:05:46.898Z",
    "__v": 0
  }
]