[
  {
    "_id": "685b1513a259b884749c773d",
    "name": "Himavarshith Reddy",
    "email": "gundamhimavarshith@gmail.com",
    "password": "$2b$10$I2QzZvB7yunBFNvX85qn7.GF9HMHLqvR2RlK.9OTdpQgd9.k1rH.O",
    "isVerified": true,
    "resetPasswordToken": "6c6e0ae046eaacde62dac5b89db3fc931d9716ab89f509a14f352f0ae48b4005",
    "oauthProvider": null,
    "oauthId": null,
    "createdAt": "2025-06-24T21:13:55.126Z",
    "__v": 6,
    "backupCodes": [
      {
        "code": "{\"encrypted\":\"66956fab43cd1645\",\"iv\":\"6650e6fe7b4ec13e56e79dea80df3ef2\",\"authTag\":\"b2bc1c82440ffceab872eddb93c7dddd\"}",
        "used": true,
        "usedAt": "2025-06-29T19:34:31.152Z",
        "_id": "686195147c9dd48ddb52c4d9"
      },
      {
        "code": "{\"encrypted\":\"4f95d950ae7c488e\",\"iv\":\"5ef34d21af0c56659c9c3f5ac26c1db5\",\"authTag\":\"6281a5a0fbf347f867dbfc922955023c\"}",
        "used": false,
        "usedAt": null,
        "_id": "686195147c9dd48ddb52c4da"
      },
      {
        "code": "{\"encrypted\":\"0a8467e8f4a5d10f\",\"iv\":\"5a67efb0efa844a09d61737741d759ff\",\"authTag\":\"403789ca9679d97381c7332dc7b2ba5e\"}",
        "used": false,
        "usedAt": null,
        "_id": "686195147c9dd48ddb52c4db"
      },
      {
        "code": "{\"encrypted\":\"1ca8319192cb1854\",\"iv\":\"a9ab464e5639b78a98b62095a5de2d1a\",\"authTag\":\"545beaa02f2f110b69e3016010e233f2\"}",
        "used": false,
        "usedAt": null,
        "_id": "686195147c9dd48ddb52c4dc"
      },
      {
        "code": "{\"encrypted\":\"e6f3bab7fcc37c2d\",\"iv\":\"a66939c1a7bada06190f0fdd97034687\",\"authTag\":\"920f58c658bee26328909b0c98fcca13\"}",
        "used": false,
        "usedAt": null,
        "_id": "686195147c9dd48ddb52c4dd"
      },
      {
        "code": "{\"encrypted\":\"2ae2dea6934b3604\",\"iv\":\"87368300261f04b01b03c9ab171c0c50\",\"authTag\":\"82352ce530074d397b79dffee3655277\"}",
        "used": false,
        "usedAt": null,
        "_id": "686195147c9dd48ddb52c4de"
      },
      {
        "code": "{\"encrypted\":\"fca6ff5d670d08b1\",\"iv\":\"6ed82e5e534b9b37d20afbf5f1402566\",\"authTag\":\"46e11a2c1a72e3380fb6b5d14adfeb89\"}",
        "used": false,
        "usedAt": null,
        "_id": "686195147c9dd48ddb52c4df"
      },
      {
        "code": "{\"encrypted\":\"644d0ffff5076c8b\",\"iv\":\"acc1fffe8b216192ecb4fe722e70aa13\",\"authTag\":\"df26c81cc82045c61891f0c451e1660c\"}",
        "used": false,
        "usedAt": null,
        "_id": "686195147c9dd48ddb52c4e0"
      },
      {
        "code": "{\"encrypted\":\"65fbca5a254d355e\",\"iv\":\"72366825b10128055570c4ac7885fc2a\",\"authTag\":\"c5dd8a93f35f20cd8d4e3be1fb42d2a9\"}",
        "used": false,
        "usedAt": null,
        "_id": "686195147c9dd48ddb52c4e1"
      },
      {
        "code": "{\"encrypted\":\"df66ea13d34838bc\",\"iv\":\"712a3319dbec65c4c41053ca7c8ce517\",\"authTag\":\"cb051485d3ae3efe2ee41e659a56c9d1\"}",
        "used": false,
        "usedAt": null,
        "_id": "686195147c9dd48ddb52c4e2"
      }
    ],
    "twoFactorEnabled": false,
    "twoFactorSecret": null,
    "twoFactorSetupPending": false,
    "twoFactormethod": null,
    "loginNotificationsEnabled": true,
    "lastActiveTokenFamily": "9a4987ab4b14f7c145048589db85d608",
    "refreshTokenFamily": "9a4987ab4b14f7c145048589db85d608",
    "csrfToken": "344aae52452a54a014edfb10ed51205f581efec0673d8c2cf227e447b96f513c",
    "csrfTokenExpiresAt": "2025-07-10T20:56:29.210Z"
  },
  {
    "_id": "685bd48072ef24f0d2b087ba",
    "name": "HIMAVARSHITH REDDY",
    "email": "himavarshithreddygundam@gmail.com",
    "isVerified": true,
    "verificationToken": null,
    "resetPasswordToken": null,
    "oauthProvider": "google",
    "oauthId": "105859880547134378248",
    "createdAt": "2025-06-25T10:50:40.346Z",
    "__v": 1,
    "backupCodes": [],
    "csrfToken": "78d815d729c10179fc3ef59c560c96a0046bf230002adbd2fdcabfa76f0d1bfd",
    "csrfTokenExpiresAt": "2025-07-08T22:33:05.465Z",
    "loginNotificationsEnabled": true,
    "twoFactorEnabled": false,
    "twoFactorSetupPending": false,
    "lastActiveTokenFamily": "9eb36d43b59d1bbf79adfae3f9184e79",
    "refreshTokenFamily": "9eb36d43b59d1bbf79adfae3f9184e79"
  },
  {
    "_id": "6866f194933d86bfbffea4a0",
    "name": "Himavarshith Reddy ",
    "email": "himavarshithreddy@gmail.com",
    "isVerified": true,
    "verificationToken": null,
    "resetPasswordToken": null,
    "oauthProvider": "github",
    "oauthId": "65753223",
    "twoFactorEnabled": false,
    "twoFactormethod": null,
    "twoFactorToken": null,
    "twoFactorExpiresAt": null,
    "twoFactorSecret": null,
    "twoFactorSetupPending": false,
    "loginNotificationsEnabled": true,
    "createdAt": "2025-07-03T21:09:40.163Z",
    "backupCodes": [],
    "__v": 0,
    "csrfToken": "c305ae4e0d5f77e7c443048db746255f795edd1e053ee38e80fb6ce5b4359fda",
    "csrfTokenExpiresAt": "2025-07-08T23:05:46.775Z",
    "lastActiveTokenFamily": "a95a9e3eb289a518baa0c4c7d06c161c",
    "refreshTokenFamily": "a95a9e3eb289a518baa0c4c7d06c161c"
  }
]